Player, Team, Pts, Reb, Ast, Stl, Blk, eFG%, TS%, USG%, O-Rt, D-Rt, DRE/36, PER
Stephen Curry, GSW, 25.49%, 11.42%, 21.99%, 24.50%, 3.46%, 63.40%, 67.40%, 32.50%, 124.9, 102.8, 9.77, 31.6, 
James Harden, HOU, 27.46%, 14.85%, 34.78%, 17.31%, 12.53%, 50.50%, 59.50%, 32.50%, 114.3, 108.4, 3.94, 25.2, 
Damian Lillard, POR, 22.22%, 8.14%, 29.60%, 11.70%, 7.51%, 49.90%, 56.10%, 31.40%, 113.1, 110.7, 2.00, 22.4, 
Russell Westbrook, OKC, 21.75%, 16.34%, 46.09%, 28.47%, 4.01%, 49.00%, 55.40%, 31.70%, 115.7, 103.5, 4.91, 28, 
DeMar DeRozan, TOR, 22.40%, 9.98%, 20.79%, 12.67%, 5.12%, 46.30%, 55.20%, 29.80%, 113.2, 108.2, 1.60, 21.8, 
Klay Thompson, GSW, 19.22%, 8.18%, 6.91%, 8.63%, 9.96%, 57.00%, 59.90%, 26.50%, 112.4, 107.8, 2.39, 18.8, 
Isaiah Thomas, BOS, 21.40%, 6.70%, 26.27%, 12.27%, 2.23%, 48.70%, 56.10%, 29.50%, 113.4, 107.1, 2.65, 21.6, 
Kyle Lowry, TOR, 20.09%, 10.81%, 33.26%, 25.51%, 7.56%, 51.80%, 58.20%, 26.10%, 115.6, 104.5, 3.93, 22.5, 
Kemba Walker, CHA, 20.61%, 10.20%, 24.29%, 22.58%, 8.46%, 49.30%, 55.20%, 26.50%, 111.1, 104.6, 2.95, 20.8, 
Jimmy Butler, CHI, 17.08%, 9.50%, 16.60%, 23.45%, 9.28%, 48.50%, 56.20%, 24.20%, 116, 104.9, 3.56, 21.4, 
C.J. McCollum, POR, 19.53%, 7.08%, 19.75%, 18.13%, 6.65%, 51.30%, 54.00%, 27.10%, 106.8, 109.9, 0.56, 17.5, 
Eric Bledsoe, PHO, 8.28%, 3.71%, 12.17%, 10.88%, 6.55%, 50.20%, 55.70%, 27.20%, 107.1, 104.9, 2.38, 20.7, 
John Wall, WAS, 19.47%, 12.02%, 42.93%, 22.00%, 19.67%, 46.70%, 51.00%, 28.60%, 102.2, 104.6, 1.66, 19.9, 
Chris Paul, LAC, 17.73%, 9.29%, 41.01%, 22.99%, 2.83%, 51.60%, 57.40%, 27.40%, 118.9, 103.1, 6.39, 26.2, 
Brandon Knight, PHO, 13.33%, 5.99%, 16.85%, 10.54%, 6.90%, 48.20%, 52.20%, 26.40%, 100.5, 110.1, -1.22, 14.8, 
Kyrie Irving, CLE, 12.07%, 4.21%, 13.02%, 9.53%, 5.54%, 49.40%, 54.00%, 29.10%, 110.2, 107.7, 1.00, 19.8, 
Dwyane Wade, MIA, 17.25%, 8.50%, 20.19%, 14.09%, 8.18%, 45.90%, 51.80%, 32.00%, 103.3, 105.6, 0.12, 20.7, 
Reggie Jackson, DET, 17.99%, 6.78%, 31.87%, 11.11%, 3.24%, 47.70%, 53.00%, 28.80%, 108.6, 108.5, 0.23, 19.3, 
Khris Middleton, MIL, 18.33%, 9.16%, 17.89%, 20.03%, 4.27%, 50.50%, 55.90%, 22.90%, 109.3, 110.1, 1.48, 16.7, 
Bradley Beal, WAS, 11.51%, 5.69%, 8.32%, 7.89%, 3.33%, 50.90%, 54.20%, 25.00%, 103.6, 107.9, 0.10, 15.3, 
Kobe Bryant, LAL, 13.82%, 7.07%, 12.39%, 9.76%, 3.85%, 41.50%, 46.50%, 31.00%, 95.4, 113.7, -2.46, 14.3, 
Jrue Holiday, NO, 14.16%, 6.07%, 23.79%, 15.07%, 6.79%, 48.50%, 52.90%, 28.90%, 104.7, 109, 1.78, 19.8, 
Derrick Rose, CHI, 13.52%, 6.06%, 17.24%, 9.07%, 3.25%, 44.90%, 48.10%, 27.20%, 95.9, 109.6, -2.79, 13.7, 
J.J. Redick, LAC, 14.92%, 4.17%, 5.93%, 6.61%, 0.94%, 58.70%, 62.80%, 22.60%, 117.9, 109.3, 2.15, 17.4, 
Victor Oladipo, ORL, 14.54%, 10.26%, 15.53%, 18.52%, 13.35%, 48.90%, 53.50%, 23.00%, 105.1, 105.6, 1.59, 17, 
Louis Williams, LAL, 14.16%, 5.27%, 12.24%, 11.63%, 6.09%, , , , , , 1.67, , 
Jordan Clarkson, LAL, 15.42%, 9.00%, 13.29%, 15.38%, 2.24%, 48.20%, 51.50%, 22.90%, 102.9, 113.1, -0.65, 14.5, 
Jeff Teague, ATL, 14.50%, 6.39%, 22.68%, 13.35%, 5.16%, 48.60%, 54.30%, 26.50%, 104.9, 103.9, 1.42, 17.7, 
Mike Conley, MEM, 11.38%, 5.20%, 21.65%, 9.94%, 4.73%, 47.80%, 53.80%, 22.90%, 113.9, 108.1, 2.55, 19.5, 
Eric Gordon, NO, 8.92%, 3.08%, 7.38%, 7.36%, 4.32%, 52.20%, 56.60%, 20.40%, 107.2, 111.5, 0.16, 13.6, 
Avery Bradley, BOS, 13.41%, 5.82%, 8.09%, 15.73%, 5.73%, 51.80%, 53.70%, 19.70%, 104.7, 106.1, 0.34, 13.1, 
Evan Fournier, ORL, 14.36%, 6.22%, 10.73%, 14.65%, 0.52%, 54.30%, 58.30%, 19.90%, 110.8, 109.3, 1.04, 14.4, 
Kentavious Caldwell-Pope, DET, 13.45%, 7.63%, 9.10%, 19.02%, 6.12%, 47.40%, 51.80%, 18.10%, 106.6, 106.7, -0.44, 12.3, 
Rodney Hood, UTA, 14.58%, 7.48%, 13.87%, 11.53%, 4.20%, 51.20%, 55.20%, 21.60%, 110.2, 107.1, -0.01, 14.7, 
Will Barton, DEN, 14.34%, 13.25%, 10.92%, 11.30%, 9.97%, 49.40%, 54.10%, 23.30%, 106.1, 108.4, 0.58, 16.5, 
Alec Burks, UTA, 5.22%, 2.88%, 4.03%, 2.41%, 1.05%, 45.40%, 51.80%, 26.10%, 103.9, 109.4, -1.85, 14.9, 
Jamal Crawford, LAC, 13.56%, 4.42%, 10.34%, 7.72%, 2.59%, 46.20%, 52.60%, 24.80%, 103.5, 109.5, -0.94, 13.8, 
Monta Ellis, IND, 13.92%, 7.81%, 22.91%, 20.52%, 10.24%, 46.80%, 50.30%, 21.30%, 98.4, 103.3, -0.15, 13.7, 
Deron Williams, DAL, 11.08%, 5.52%, 21.29%, 11.41%, 4.98%, 47.40%, 52.80%, 22.00%, 105.1, 109.4, -0.11, 14.6, 
Zach LaVine, MIN, 13.78%, 6.86%, 13.48%, 10.02%, 3.79%, 50.80%, 54.20%, 23.70%, 102.8, 113, -0.61, 13.9, 
Goran Dragic, MIA, 12.04%, 7.25%, 24.33%, 12.92%, 2.59%, 51.30%, 53.70%, 21.50%, 104.8, 107.2, -0.31, 15, 
Darren Collison, SAC, 12.17%, 4.80%, 16.18%, 11.11%, 1.21%, 53.60%, 58.60%, 19.20%, 114.5, 112.5, 1.61, 15.7, 
Devin Booker, PHO, 12.43%, 5.10%, 11.72%, 6.74%, 5.52%, 48.50%, 53.80%, 22.80%, 102.9, 113.8, -1.76, 12.2, 
D’Angelo Russell, LAL, 13.28%, 7.86%, 18.54%, 16.32%, 3.85%, 48.10%, 50.60%, 24.30%, 96, 112.2, -1.37, 13.6, 
Arron Afflalo, NYK, 11.54%, 7.56%, 8.62%, 5.47%, 2.31%, 50.00%, 53.10%, 18.20%, 104.8, 112, -1.76, 11.1, 
Jarrett Jack, BKN, 5.49%, 4.18%, 14.01%, 5.89%, 2.35%, 43.40%, 50.50%, 21.50%, 101.3, 108.2, -0.46, 14.9, 
Wesley Matthews, DAL, 11.65%, 6.84%, 8.41%, 13.93%, 5.69%, 50.00%, 53.40%, 17.20%, 105.9, 109.7, -0.46, 11.1, 
Ish Smith, PHI, 11.97%, 8.78%, 28.72%, 12.95%, 3.87%, 43.20%, 45.80%, 24.10%, 97, 111.1, -0.62, 14.7, 
Emmanuel Mudiay, DEN, 9.95%, 6.24%, 19.92%, 10.78%, 9.16%, 39.50%, 43.00%, 25.60%, 86.7, 110, -4.33, 9.5, 
J.R. Smith, CLE, 11.36%, 6.12%, 7.21%, 15.37%, 6.92%, 53.30%, 54.00%, 18.10%, 110.1, 106.5, 0.28, 12.4, 
Gary Harris, DEN, 11.04%, 5.92%, 7.70%, 16.35%, 4.85%, 54.00%, 56.70%, 16.50%, 110.4, 111.6, 0.35, 13, 
George Hill, IND, 10.90%, 8.52%, 15.48%, 11.42%, 4.31%, 51.90%, 54.80%, 15.90%, 110.6, 105.7, 0.35, 13, 
Tony Parker, SA, 10.25%, 5.04%, 19.35%, 7.89%, 2.41%, 51.80%, 55.10%, 21.20%, 109.9, 102.7, 0.74, 16.5, 
Rajon Rondo, SAC, 10.15%, 12.41%, 43.21%, 20.44%, 3.03%, 48.80%, 50.10%, 18.80%, 103.8, 107.4, 1.75, 16.6, 
Jeremy Lin, CHA, 10.95%, 6.94%, 13.00%, 9.68%, 10.00%, 46.70%, 53.60%, 22.30%, 102.6, 105.4, -0.68, 13.9, 
C.J. Miles, IND, 9.15%, 5.04%, 3.90%, 7.51%, 7.55%, 51.10%, 53.80%, 22.80%, 102.6, 104, 0.12, 13.5, 
Michael Carter-Williams, MIL, 8.27%, 8.75%, 15.94%, 12.82%, 9.21%, 46.60%, 49.70%, 21.20%, 96.2, 107.2, -0.35, 14, 
Dennis Schroder, ATL, 10.65%, 5.95%, 16.52%, 9.58%, 1.79%, 47.60%, 51.80%, 28.80%, 98.3, 102.8, 0.00, 16.1, 
Bojan Bogdanovic, BKN, 10.95%, 7.41%, 5.58%, 4.51%, 1.34%, 52.80%, 55.80%, 19.10%, 102.7, 114.5, -2.02, 11, 
Isaiah Canaan, PHI, 11.11%, 5.40%, 8.27%, 8.69%, 2.58%, 48.20%, 52.80%, 19.80%, 102.1, 112.5, -1.06, 11.1, 
J.J. Barea, DAL, 9.85%, 4.30%, 16.94%, 4.45%, 0.71%, 51.80%, 53.80%, 23.50%, 106.6, 111.9, -0.46, 15.4, 
Elfrid Payton, ORL, 9.37%, 7.39%, 24.13%, 13.04%, 4.97%, 45.50%, 47.80%, 20.30%, 99.9, 107.6, -0.59, 13.9, 
Trey Burke, UTA, 9.12%, 3.44%, 10.12%, 5.85%, 1.57%, 48.30%, 50.70%, 25.30%, 102.8, 108.9, -1.61, 14.1, 
Norris Cole, NO, 6.20%, 4.70%, 10.25%, 6.34%, 1.54%, 43.80%, 46.40%, 21.80%, 94.1, 109.6, -2.07, 10.9, 
Ricky Rubio, MIN, 9.64%, 9.77%, 35.12%, 25.30%, 2.62%, 43.10%, 53.50%, 18.00%, 111.1, 107.3, 3.60, 18.1, 
Jerryd Bayless, MIL, 7.18%, 4.47%, 9.31%, 7.53%, 2.70%, 53.90%, 56.80%, 16.70%, 110.1, 113.1, 0.21, 12.6, 
Marco Belinelli, SAC, 8.48%, 3.41%, 6.76%, 5.33%, 0.61%, 45.70%, 50.00%, 19.70%, 98.7, 113, -2.29, 9.4, 
Allen Crabbe, POR, 9.61%, 5.84%, 5.63%, 11.70%, 4.62%, 53.40%, 56.40%, 16.40%, 112.3, 110.5, 0.16, 12, 
Courtney Lee, CHA, 9.44%, 5.77%, 7.70%, 15.18%, 6.41%, 52.40%, 55.70%, 15.10%, 107.8, 107.8, 0.13, 11.7, 
Patrick Beverley, HOU, 8.00%, 6.94%, 12.39%, 11.10%, 6.14%, 53.40%, 54.80%, 15.40%, 111.8, 110.6, 1.02, 12.6, 
Jordan Farmar, MEM, 0.90%, 0.35%, 1.46%, 1.48%, 0.30%, , , , , , 1.85, , 
Terrence Ross, TOR, 8.33%, 4.99%, 3.58%, 8.90%, 5.85%, 53.20%, 54.70%, 17.70%, 108.4, 107.5, 0.04, 12.4, 
Manu Ginobili, SA, 6.65%, 4.23%, 9.01%, 10.14%, 2.19%, 53.40%, 57.30%, 23.40%, 107.5, 98.1, 2.40, 17.9, 
Marcus Thornton, WAS, 6.88%, 4.20%, 4.13%, 6.53%, 1.33%, 48.20%, 50.90%, 24.50%, 103.5, 109.8, 0.23, 14.5, 
Dion Waiters, OKC, 8.23%, 5.14%, 8.00%, 12.96%, 2.67%, 46.60%, 49.50%, 17.30%, 100, 109.6, -2.07, 9.4, 
Kevin Martin, SA, 5.95%, 2.83%, 2.86%, 3.54%, 0.66%, 42.90%, 51.60%, 22.80%, 103.1, 110.7, -1.67, 11.6, 
Ramon Sessions, WAS, 9.18%, 5.98%, 10.43%, 6.37%, 1.67%, 49.20%, 55.70%, 21.80%, 107.4, 108.7, 0.43, 15.2, 
Kyle Korver, ATL, 8.84%, 7.61%, 7.90%, 8.85%, 6.95%, 56.60%, 58.10%, 13.90%, 104.9, 105, -0.33, 10.2, 
Raymond Felton, DAL, 8.89%, 7.29%, 15.29%, 12.19%, 4.63%, 45.20%, 50.30%, 17.80%, 101.9, 109.1, -0.97, 11.7, 
Gerald Green, MIA, 7.71%, 4.71%, 3.45%, 6.65%, 3.79%, 46.00%, 48.70%, 19.70%, 98.1, 108.1, -2.16, 9.9, 
Rodney Stuckey, IND, 6.11%, 4.20%, 7.93%, 5.49%, 1.89%, 43.90%, 50.40%, 20.30%, 100.8, 105.1, -1.13, 12.4, 
Marcus Smart, BOS, 6.15%, 6.85%, 9.09%, 12.27%, 4.46%, 40.40%, 45.90%, 17.60%, 100.2, 103.9, -0.32, 11.3, 
Jeremy Lamb, CHA, 7.09%, 7.09%, 4.61%, 7.59%, 6.15%, 50.40%, 52.60%, 22.20%, 104.2, 102.9, 1.10, 15.8, 
Gerald Henderson, POR, 7.54%, 5.93%, 4.46%, 6.82%, 5.49%, 48.80%, 53.00%, 20.10%, 105.3, 109.5, -0.50, 13.3, 
Austin Rivers, LAC, 7.07%, 3.91%, 5.35%, 6.93%, 2.36%, 50.40%, 52.80%, 19.10%, 101.8, 108.7, -0.72, 11.1, 
Tyler Johnson, MIA, 4.14%, 3.28%, 4.95%, 4.70%, 2.79%, 54.30%, 58.10%, 17.20%, 109.9, 105, 0.13, 14.1, 
Patty Mills, SA, 8.25%, 4.50%, 11.03%, 8.86%, 1.09%, 53.90%, 55.20%, 19.50%, 110.8, 101.9, 1.22, 15.1, 
Mo Williams, CLE, 4.25%, 2.06%, 5.64%, 2.53%, 1.73%, 50.20%, 53.30%, 22.60%, 101.2, 104.5, -1.62, 12.6, 
Archie Goodwin, PHO, 5.89%, 3.92%, 6.60%, 3.63%, 3.45%, 43.60%, 49.20%, 22.80%, 93.4, 113.2, -3.41, 10.4, 
Tony Wroten, NYK, 0.88%, 0.62%, 1.27%, 0.68%, 0.00%, , , , , , -11.57, , 
Cory Joseph, TOR, 8.03%, 5.85%, 16.49%, 9.93%, 4.63%, 46.20%, 50.90%, 17.00%, 105.6, 108.7, -1.10, 12.3, 
Shelvin Mack, UTA, 5.06%, 3.44%, 11.82%, 5.34%, 0.79%, 48.20%, 50.10%, 23.50%, 96.7, 104.8, -1.48, 13.3, 
Nik Stauskas, PHI, 7.53%, 5.36%, 7.65%, 6.48%, 4.09%, 49.00%, 52.10%, 16.50%, 97.7, 112.8, -2.02, 9.2, 
Tony Allen, MEM, 6.69%, 8.92%, 4.30%, 15.13%, 5.03%, 47.10%, 49.80%, 16.60%, 99.7, 104.7, 0.50, 12.5, 
Lance Stephenson, MEM, 6.87%, 6.66%, 7.66%, 5.93%, 2.66%, 50.90%, 54.70%, 20.00%, 102.8, 107.5, -0.51, 13.3, 
O.J. Mayo, MIL, 4.26%, 3.39%, 6.80%, 7.53%, 1.80%, 45.20%, 47.40%, 16.70%, 91, 110.1, -2.12, 7.6, 
D.J. Augustin, DEN, 5.52%, 2.59%, 10.41%, 5.91%, 0.81%, 52.80%, 58.30%, 18.10%, 114.3, 110.3, 1.08, 14.5, 
Jameer Nelson, DEN, 3.75%, 3.31%, 10.81%, 4.35%, 1.35%, 43.80%, 46.40%, 16.50%, 98.8, 111.3, -2.00, 9.7, 
Matthew Dellavedova, CLE, 6.88%, 4.47%, 18.66%, 8.17%, 3.11%, , , , , , -0.89, , 
Toney Douglas, NO, 5.47%, 3.58%, 8.18%, 10.45%, 1.54%, 48.40%, 52.00%, 18.80%, 104.6, 108.2, 1.62, 13.2, 
Langston Galloway, NYK, 7.86%, 8.12%, 12.17%, 16.17%, 4.86%, 46.80%, 49.90%, 15.50%, 106.5, 107.6, 0.20, 12, 
Wayne Ellington, BKN, 7.22%, 5.05%, 4.33%, 7.80%, 1.34%, 47.50%, 49.90%, 17.30%, 101.2, 112.4, -1.31, 10.2, 
Jose Calderon, NYK, 7.16%, 6.73%, 18.88%, 14.35%, 1.62%, 55.20%, 57.10%, 12.60%, 114, 109.8, 0.59, 12.4, 
Devin Harris, DAL, 5.78%, 3.81%, 6.82%, 11.03%, 4.63%, 51.90%, 56.10%, 17.50%, 108.7, 106.3, 1.32, 13.5, 
Ben McLemore, SAC, 5.73%, 3.73%, 3.67%, 7.11%, 2.73%, 50.20%, 53.40%, 17.30%, 95.5, 110.9, -2.00, 8.5, 
E’Twaun Moore, CHI, 5.75%, 3.75%, 5.75%, 8.19%, 4.18%, 54.10%, 54.80%, 15.80%, 104.7, 108.6, -0.38, 11.4, 
Danny Green, SA, 6.81%, 8.52%, 7.05%, 11.27%, 13.35%, 47.90%, 49.30%, 14.60%, 99.3, 98.9, -0.61, 10.5, 
Aaron Brooks, CHI, 6.14%, 2.79%, 9.92%, 6.42%, 2.09%, 46.60%, 49.00%, 23.40%, 98.3, 110.2, -1.65, 11.9, 
Garrett Temple, WAS, 6.92%, 6.20%, 6.90%, 9.71%, 5.33%, 48.20%, 51.50%, 13.90%, 103.5, 108.1, -0.62, 9, 
Nick Young, LAL, 5.24%, 3.00%, 2.55%, 4.13%, 2.24%, 44.20%, 48.30%, 18.60%, 98.1, 114, -2.67, 9.2, 
Shane Larkin, BKN, 6.86%, 4.90%, 18.28%, 15.60%, 3.36%, 47.70%, 51.30%, 17.70%, 99.7, 109.9, 0.30, 13.2, 
Brandon Jennings, ORL, 4.23%, 2.90%, 9.39%, 4.67%, 1.83%, 45.30%, 49.20%, 19.70%, 104.9, 109.6, -0.14, 13.7, 
Donald Sloan, BKN, 5.03%, 5.05%, 14.18%, 5.55%, 1.01%, 49.50%, 54.00%, 15.90%, 108.9, 113.9, 0.30, 13.9, 
Leandro Barbosa, GSW, 4.84%, 3.08%, 3.68%, 6.63%, 1.95%, 52.50%, 55.60%, 18.00%, 108.7, 105.9, 0.72, 12.6, 
Josh Richardson, MIA, 3.81%, 2.54%, 3.89%, 6.65%, 4.19%, 57.40%, 58.80%, 14.00%, 113.3, 106.6, 0.73, 11.8, 
Shaun Livingston, GSW, 5.17%, 4.53%, 9.81%, 8.32%, 5.41%, 53.20%, 57.50%, 14.10%, 118, 106.5, 1.51, 13.7, 
Tim Hardaway Jr., ATL, 3.61%, 2.41%, 2.41%, 2.90%, 1.12%, 50.60%, 55.00%, 16.10%, 107.7, 104.3, -0.20, 11.1, 
T.J. McConnell, PHI, 6.24%, 7.47%, 20.45%, 14.06%, 2.15%, 50.50%, 51.30%, 17.00%, 101.3, 107.6, 1.20, 14.6, 
Raulzinho Neto, UTA, 6.21%, 3.50%, 11.39%, 10.15%, 0.52%, 51.00%, 53.10%, 17.10%, 98.7, 106.7, -1.41, 10, 
Bryce Dejean-Jones, NO, 1.03%, 1.49%, 0.92%, 1.71%, 0.62%, , , , , , -0.99, , 
Iman Shumpert, CLE, 3.86%, 5.80%, 5.29%, 10.31%, 6.57%, 45.00%, 47.70%, 13.20%, 98, 103.8, -1.09, 8.8, 
Greivis Vasquez, MIL, 1.47%, 1.30%, 4.51%, 1.44%, 0.00%, , , , , , -3.98, , 
Mario Hezonja, ORL, 5.49%, 4.77%, 5.08%, 4.99%, 4.19%, 50.50%, 53.30%, 17.20%, 94.7, 109.3, -2.55, 8.7, 
Seth Curry, SAC, 2.69%, 1.24%, 2.02%, 2.81%, 0.91%, 57.90%, 62.10%, 16.80%, 115.6, 112.8, 1.37, 14, 
Randy Foye, OKC, 5.28%, 4.09%, 8.81%, 6.75%, 5.79%, 43.10%, 46.00%, 15.50%, 95.3, 111.3, -2.78, 7.6, 
Jason Terry, HOU, 4.79%, 2.20%, 5.48%, 5.94%, 2.05%, 52.90%, 54.60%, 14.80%, 108, 112.3, -0.25, 10.2, 
Jonathon Simmons, SA, 3.73%, 2.47%, 2.97%, 3.54%, 1.09%, 54.10%, 58.50%, 18.60%, 105.9, 102.1, -0.49, 11.5, 
Ty Lawson, IND, 4.49%, 3.25%, 13.15%, 7.51%, 1.89%, 43.80%, 47.30%, 15.00%, 97.7, 112, -1.65, 9.3, 
Markel Brown, BKN, 4.15%, 2.97%, 4.57%, 5.37%, 2.68%, 45.90%, 50.90%, 18.70%, 100.4, 112.8, -0.92, 11, 
Anthony Morrow, OKC, 4.00%, 1.51%, 1.10%, 3.83%, 0.89%, 52.80%, 54.10%, 16.50%, 113.8, 111.5, -0.43, 10.5, 
Xavier Munford, MEM, 0.64%, 0.51%, 0.57%, 1.04%, 0.30%, , , , , , 1.35, , 
Ronnie Price, PHO, 3.88%, 2.58%, 8.07%, 10.88%, 4.14%, 50.00%, 52.20%, 13.80%, 102.4, 108.2, 0.40, 9.6, 
Tony Snell, CHI, 4.13%, 5.33%, 3.48%, 3.32%, 3.71%, 45.40%, 47.40%, 13.70%, 91.6, 108.1, -3.46, 6.3, 
Jerian Grant, NYK, 4.73%, 3.73%, 10.20%, 9.79%, 2.08%, 39.90%, 45.90%, 18.60%, 94.3, 108.5, -2.00, 10.3, 
Troy Daniels, CHA, 2.56%, 1.47%, 1.01%, 1.52%, 0.77%, , , , , , 1.00, , 
Tim Frazier, NO, 2.43%, 2.43%, 6.16%, 3.77%, 0.31%, 47.60%, 52.50%, 18.30%, 103.9, 107.4, -0.43, 13.4, 
Cameron Payne, OKC, 2.97%, 2.17%, 5.39%, 6.02%, 1.34%, 49.00%, 50.70%, 19.80%, 107.4, 105.1, 1.32, 13.8, 
Andre Roberson, OKC, 3.72%, 6.15%, 2.55%, 8.94%, 8.46%, 54.20%, 55.60%, 9.30%, 116.7, 106.7, -0.26, 9.9, 
Brandon Rush, GSW, 3.39%, 4.90%, 2.59%, 3.24%, 4.76%, 55.40%, 56.20%, 12.50%, 110, 106.5, -0.18, 10.5, 
Sasha Vujacic, NYK, 3.25%, 3.76%, 4.50%, 7.29%, 0.93%, 45.20%, 48.00%, 16.90%, 96.9, 107.6, -1.27, 10, 
Norman Powell, TOR, 2.36%, 2.56%, 2.44%, 3.60%, 2.44%, 46.00%, 49.50%, 17.50%, 99.7, 106.7, -0.49, 11.2, 
Marcelo Huertas, LAL, 2.77%, 2.34%, 11.34%, 4.13%, 2.24%, , , , , , -1.79, , 
Tyler Ennis, MIL, 2.31%, 1.84%, 4.11%, 2.88%, 0.22%, 48.10%, 50.80%, 18.40%, 99.2, 110.1, -0.81, 11.4, 
John Jenkins, PHO, 2.06%, 1.51%, 1.60%, 1.21%, 0.34%, , , , , , -2.11, , 
Tyus Jones, MIN, 1.68%, 1.26%, 4.57%, 3.74%, 0.87%, , , , , , -1.61, , 
Steve Blake, DET, 2.76%, 2.27%, 11.86%, 4.14%, 1.44%, 48.40%, 49.80%, 14.30%, 98.9, 108.2, -2.51, 9.1, 
Darrun Hilliard, DET, 1.80%, 1.08%, 1.55%, 1.51%, 0.00%, , , , , , -1.58, , 
Brian Roberts, POR, 2.36%, 1.09%, 3.22%, 1.75%, 0.58%, , , , , , -0.15, , 
C.J. Watson, ORL, 1.48%, 1.81%, 4.47%, 2.74%, 1.05%, 34.70%, 42.40%, 11.70%, 99.1, 109, -1.65, 7.7, 
Joseph Young, IND, 1.82%, 1.34%, 3.46%, 1.88%, 0.00%, , , , , , -2.91, , 
Shabazz Napier, ORL, 2.52%, 1.66%, 5.36%, 3.70%, 0.26%, 42.10%, 45.60%, 19.80%, 92.2, 107.9, -2.43, 9.6, 
Ian Clark, GSW, 2.70%, 1.94%, 2.86%, 2.47%, 2.81%, 51.70%, 54.60%, 19.80%, 102.4, 107, -0.75, 11.6, 
Justin Holiday, CHI, 2.22%, 2.20%, 2.26%, 5.75%, 3.25%, 42.90%, 44.70%, 16.00%, 85.2, 106.6, -2.50, 7, 
Andre Miller, SA, 1.62%, 1.19%, 4.08%, 2.09%, 0.00%, , , , , , 0.75, , 
Kendall Marshall, PHI, 1.27%, 0.66%, 3.98%, 2.21%, 0.43%, , , , , , -4.59, , 
Jordan McRae, CLE, 0.75%, 0.38%, 0.87%, 0.58%, 0.35%, , , , , , -1.02, , 
Justin Anderson, DAL, 2.17%, 3.23%, 1.24%, 3.09%, 6.76%, 46.70%, 51.10%, 16.20%, 100.2, 104.3, -0.26, 12, 
Kirk Hinrich, ATL, 1.75%, 2.16%, 3.69%, 2.18%, 0.45%, 47.70%, 50.70%, 11.80%, 101.2, 107.2, -1.85, 7.4, 
Chris Johnson, UTA, 2.70%, 3.96%, 3.11%, 5.51%, 5.25%, 43.40%, 47.70%, 13.60%, 96.7, 103.7, -1.44, 8.3, 
James Anderson, SAC, 1.66%, 2.07%, 1.54%, 2.07%, 3.03%, 43.70%, 46.90%, 12.60%, 89.4, 112.2, -3.09, 5.6, 
Spencer Dinwiddie, DET, 0.30%, 0.20%, 0.61%, 0.38%, 0.00%, , , , , , -5.20, , 
Rashad Vaughn, MIL, 2.34%, 2.44%, 1.83%, 3.53%, 2.70%, 38.40%, 39.80%, 13.00%, 82.8, 111.4, -3.75, 4.1, 
R.J. Hunter, BOS, 1.02%, 0.97%, 0.67%, 1.88%, 1.27%, , , , , , -2.01, , 
Delon Wright, TOR, 0.75%, 0.80%, 1.22%, 1.20%, 0.00%, , , , , , -0.19, , 
Lamar Patterson, ATL, 1.07%, 1.57%, 2.00%, 1.31%, 0.45%, 42.50%, 46.80%, 12.70%, 89.5, 106.9, -3.22, 5.2, 
Sergey Karasev, BKN, 1.23%, 1.70%, 2.02%, 1.04%, 0.67%, , , , , , -2.01, , 
Pablo Prigioni, LAC, 1.44%, 2.96%, 6.05%, 7.09%, 0.24%, 49.10%, 49.90%, 10.10%, 105.5, 104.6, 0.79, 10.2, 
Terry Rozier, BOS, 0.81%, 1.74%, 2.05%, 0.72%, 0.32%, , , , , , -6.08, , 
C.J. Wilcox, LAC, 0.41%, 0.10%, 0.41%, 0.79%, 0.24%, , , , , , -0.74, , 
James Young, BOS, 0.37%, 0.77%, 0.50%, 0.87%, 0.32%, , , , , , -3.19, , 
Pat Connaughton, POR, 0.41%, 0.69%, 0.56%, 0.39%, 0.00%, , , , , , -7.62, , 
DeMarcus Cousins, SAC, 20.51%, 21.30%, 11.02%, 14.22%, 25.45%, 48.00%, 54.20%, 35.40%, 103.6, 102.2, 2.42, 23.8, 
Brook Lopez, BKN, 20.05%, 17.79%, 8.72%, 10.05%, 41.61%, 51.20%, 56.20%, 27.50%, 109.3, 108.3, 1.46, 21.9, 
Karl-Anthony Towns, MIN, 18.08%, 25.41%, 8.45%, 9.34%, 37.90%, 55.70%, 59.30%, 24.70%, 112.1, 106.2, 2.57, 22.7, 
Nikola Vucevic, ORL, 14.25%, 16.32%, 9.61%, 8.05%, 17.54%, 50.70%, 52.80%, 26.60%, 106.3, 104.6, 1.17, 20.9, 
Jahlil Okafor, PHI, 12.43%, 11.70%, 3.98%, 3.48%, 13.12%, 50.90%, 53.60%, 27.30%, 100.1, 110.1, -1.19, 17.4, 
Marc Gasol, MEM, 11.44%, 11.49%, 12.41%, 7.42%, 20.71%, 46.50%, 52.80%, 23.80%, 104.2, 104.3, 0.51, 17.8, 
Andre Drummond, DET, 16.17%, 31.99%, 4.18%, 21.09%, 38.49%, 52.70%, 50.30%, 24.10%, 103.2, 98.3, 1.77, 21.6, 
Pau Gasol, CHI, 14.78%, 21.38%, 16.77%, 8.85%, 31.79%, 47.90%, 52.60%, 24.70%, 106.5, 100.2, 1.68, 21.5, 
Greg Monroe, MIL, 15.42%, 21.37%, 9.71%, 10.74%, 14.83%, 51.90%, 55.90%, 23.50%, 113, 106.3, 2.37, 21.8, 
Al Horford, ATL, 14.75%, 17.13%, 12.26%, 8.56%, 26.23%, 54.50%, 56.30%, 20.60%, 112.9, 101.1, 2.62, 19.5, 
Kristaps Porzingis, NYK, 13.54%, 15.44%, 5.89%, 11.85%, 31.02%, 46.70%, 51.80%, 24.50%, 102.9, 104, 0.26, 17.8, 
Hassan Whiteside, MIA, 12.46%, 23.62%, 1.88%, 7.44%, 50.10%, 61.20%, 63.10%, 20.60%, 116.1, 94.7, 4.00, 25.6, 
Dwight Howard, HOU, 11.32%, 23.86%, 5.60%, 8.72%, 26.34%, 61.30%, 59.80%, 18.50%, 110.2, 104.3, 1.89, 18.8, 
Marcin Gortat, WAS, 12.16%, 22.38%, 5.27%, 7.13%, 30.00%, 56.10%, 58.70%, 19.00%, 113.1, 103.6, 1.73, 18.8, 
Jonas Valanciunas, TOR, 9.05%, 15.43%, 2.87%, 4.28%, 17.32%, 56.70%, 61.20%, 20.30%, 121.2, 104, 2.67, 22.5, 
DeAndre Jordan, LAC, 11.94%, 32.20%, 5.05%, 8.03%, 39.86%, 70.20%, 63.10%, 15.40%, 122.4, 98.1, 3.60, 20.8, 
Enes Kanter, OKC, 11.46%, 16.67%, 1.80%, 4.01%, 6.68%, 58.10%, 62.50%, 23.50%, 122.6, 105.3, 2.58, 24.2, 
Al Jefferson, CHA, 5.85%, 7.52%, 3.34%, 4.36%, 9.74%, 47.20%, 49.40%, 23.80%, 103, 100.6, 0.58, 17.1, 
Sean Kilpatrick, BKN, 3.46%, 1.27%, 1.07%, 1.21%, 0.34%, , , , , , -0.60, , 
Jared Sullinger, BOS, 9.95%, 18.90%, 9.53%, 9.81%, 14.33%, 45.50%, 47.80%, 21.70%, 103, 99.5, 0.76, 17.1, 
Myles Turner, IND, 7.36%, 9.15%, 2.27%, 3.18%, 21.29%, 49.70%, 52.50%, 20.90%, 102.3, 101.6, -0.14, 15.3, 
Robin Lopez, NYK, 10.43%, 16.73%, 6.72%, 3.42%, 28.24%, 54.30%, 57.80%, 17.40%, 113, 107.4, -0.29, 17.6, 
Kelly Olynyk, BOS, 7.90%, 7.47%, 5.21%, 6.20%, 9.87%, 53.00%, 55.50%, 21.00%, 108.4, 103.1, 1.19, 15.8, 
Nikola Jokic, DEN, 9.31%, 14.92%, 9.85%, 13.22%, 12.40%, 52.90%, 57.50%, 20.30%, 116.7, 104.4, 3.65, 21.5, 
Rudy Gobert, UTA, 7.04%, 19.02%, 5.66%, 7.23%, 31.23%, 55.70%, 58.10%, 14.20%, 112, 97.6, 0.82, 17.4, 
Ian Mahinmi, IND, 7.92%, 14.30%, 6.29%, 8.96%, 19.41%, 58.80%, 60.00%, 15.50%, 113.4, 98.9, 1.94, 16.5, 
Mason Plumlee, POR, 8.73%, 16.60%, 13.13%, 12.28%, 21.10%, 51.30%, 55.80%, 17.30%, 110.8, 104.7, 0.99, 16.8, 
Nene Hilario, WAS, 5.95%, 7.47%, 4.62%, 7.44%, 7.33%, , , , , , 1.96, , 
Zaza Pachulia, DAL, 7.96%, 20.96%, 7.06%, 11.61%, 6.76%, , , , , , 0.45, , 
Tim Duncan, SA, 6.09%, 12.72%, 8.22%, 7.57%, 16.63%, 49.30%, 52.90%, 17.30%, 108.2, 94.8, 1.37, 17.4, 
Meyers Leonard, POR, 6.41%, 9.03%, 5.70%, 1.56%, 5.20%, 54.70%, 56.10%, 17.50%, 106.7, 109.1, -1.37, 11.4, 
Steven Adams, OKC, 7.00%, 13.10%, 3.07%, 7.12%, 18.93%, 60.80%, 61.80%, 12.50%, 122.1, 106.1, 0.86, 15.1, 
Jusuf Nurkic, DEN, 2.75%, 4.08%, 1.81%, 2.96%, 9.43%, , , , , , -0.94, , 
Joffrey Lauvergne, DEN, 5.46%, 7.76%, 2.77%, 2.26%, 3.50%, 53.90%, 57.20%, 19.10%, 113.2, 110.7, 0.36, 16.2, 
Festus Ezeli, GSW, 3.46%, 6.84%, 1.41%, 2.62%, 10.61%, 55.70%, 56.50%, 18.10%, 114.8, 99.3, 1.99, 17.8, 
Jason Smith, ORL, 6.64%, 5.82%, 3.18%, 4.67%, 13.87%, 50.00%, 52.30%, 22.10%, 100.9, 105.8, -0.09, 14.5, 
Brandan Wright, MEM, 1.10%, 1.36%, 0.38%, 0.74%, 4.44%, , , , , , 2.47, , 
Tyson Chandler, PHO, 5.61%, 16.26%, 3.97%, 5.70%, 13.79%, 57.60%, 59.70%, 12.50%, 111.7, 107.2, 0.03, 14.2, 
Kosta Koufos, SAC, 5.94%, 11.53%, 1.44%, 5.33%, 19.70%, 53.50%, 54.40%, 15.20%, 112.8, 107.4, 0.89, 15, 
Timofey Mozgov, CLE, 5.71%, 9.36%, 1.69%, 4.28%, 17.65%, 56.60%, 58.90%, 16.30%, 110.7, 102.8, -0.20, 14.5, 
J.J. Hickson, WAS, 2.35%, 3.53%, 1.09%, 2.28%, 4.00%, , , , , , 1.32, , 
Roy Hibbert, LAL, 6.26%, 11.55%, 6.83%, 5.63%, 33.01%, 45.50%, 51.80%, 13.00%, 106.9, 110.5, -0.86, 11.8, 
Spencer Hawes, CHA, 4.00%, 6.84%, 6.06%, 4.17%, 5.38%, 45.80%, 49.90%, 17.10%, 101.2, 103.8, -0.89, 12, 
Aron Baynes, DET, 5.86%, 10.21%, 3.37%, 3.77%, 17.99%, 50.30%, 55.50%, 18.40%, 113.8, 103.5, 0.40, 17.8, 
Henry Sims, BKN, 0.72%, 1.24%, 0.24%, 0.87%, 2.01%, , , , , , -0.46, , 
Tyler Zeller, BOS, 4.14%, 4.99%, 1.39%, 1.44%, 5.41%, 46.80%, 53.00%, 22.90%, 103.7, 104.1, -1.38, 14.2, 
Tiago Splitter, ATL, 2.54%, 3.73%, 1.54%, 2.76%, 2.69%, 52.30%, 57.10%, 15.50%, 113, 103.2, 1.26, 13.9, 
Bismack Biyombo, TOR, 5.40%, 18.76%, 1.79%, 3.25%, 30.73%, 53.90%, 58.50%, 11.40%, 117.3, 101.1, 0.57, 14.7, 
Alexis Ajinca, NO, 3.87%, 7.22%, 1.59%, 3.08%, 10.19%, 47.30%, 51.00%, 19.90%, 99.6, 105.7, -0.53, 13.6, 
Andrew Bogut, GSW, 4.02%, 13.02%, 6.91%, 4.62%, 23.16%, 61.90%, 61.40%, 11.60%, 119.2, 99.6, 2.23, 15.8, 
JaVale McGee, DAL, 2.20%, 4.03%, 0.18%, 0.97%, 9.25%, , , , , , 1.30, , 
Boban Marjanovic, SA, 3.19%, 5.01%, 0.95%, 1.93%, 3.94%, , , , , , 5.62, , 
Cole Aldrich, LAC, 3.44%, 7.32%, 2.47%, 5.98%, 13.44%, 57.00%, 60.10%, 19.00%, 108.9, 95.3, 3.54, 19.6, 
Miles Plumlee, MIL, 3.65%, 6.25%, 0.74%, 2.56%, 10.56%, 60.40%, 60.80%, 15.60%, 114.7, 108.2, 1.06, 17.2, 
Nikola Pekovic, MIN, 0.70%, 0.66%, 0.63%, 0.17%, 0.00%, , , , , , -4.70, , 
Jeff Withey, UTA, 2.79%, 4.94%, 1.34%, 3.44%, 13.39%, 53.60%, 57.70%, 15.30%, 115.3, 100, 1.96, 17.9, 
Joakim Noah, CHI, 1.61%, 7.19%, 6.33%, 3.98%, 6.73%, 38.30%, 40.60%, 14.10%, 96.4, 97.5, -0.99, 14.3, 
Dewayne Dedmon, ORL, 2.98%, 6.34%, 0.73%, 3.06%, 10.47%, 55.30%, 60.00%, 14.80%, 115.5, 102.9, 1.95, 16.1, 
Kevin Seraphin, NYK, 2.41%, 3.53%, 2.92%, 1.82%, 7.87%, 41.00%, 43.50%, 22.40%, 85.8, 105.5, -3.91, 10.6, 
Chris Andersen, MEM, 1.12%, 2.54%, 0.57%, 1.34%, 3.85%, , , , , , 1.41, , 
Salah Mejri, DAL, 1.33%, 3.23%, 0.41%, 1.35%, 10.32%, , , , , , 1.56, , 
Omer Asik, NO, 2.96%, 11.86%, 1.40%, 2.91%, 7.10%, 51.80%, 53.50%, 10.90%, 105.5, 107, -1.60, 10.6, 
Robert Sacre, LAL, 0.93%, 1.64%, 0.98%, 0.38%, 3.21%, , , , , , -2.69, , 
Tarik Black, LAL, 1.37%, 3.95%, 1.05%, 2.06%, 4.81%, , , , , , -0.50, , 
Chris Kaman, POR, 0.55%, 0.66%, 0.62%, 0.19%, 0.29%, , , , , , -3.12, , 
Johnny O’Bryant, MIL, 2.23%, 4.88%, 1.71%, 2.88%, 1.80%, 40.30%, 42.80%, 13.40%, 94.3, 111.8, -3.42, 7.1, 
Matt Bonner, SA, 0.83%, 0.69%, 0.42%, 0.81%, 0.00%, , , , , , 3.67, , 
Anderson Varejao, GSW, 1.58%, 3.79%, 1.59%, 2.47%, 2.16%, 43.80%, 48.30%, 15.00%, 104, 102.3, -0.46, 11.2, 
Tibor Pleiss, UTA, 0.33%, 0.46%, 0.14%, 0.17%, 0.52%, , , , , , -6.59, , 
Kendrick Perkins, NO, 0.92%, 3.14%, 1.40%, 1.88%, 2.47%, , , , , , -2.21, , 
Cristiano Da Silva Felicio, CHI, 0.74%, 1.97%, 1.16%, 1.33%, 1.86%, , , , , , 1.87, , 
Lucas Nogueira, TOR, 0.69%, 1.05%, 0.22%, 1.54%, 1.71%, , , , , , 3.37, , 
Kevin Durant, OKC, 23.40%, 15.76%, 19.77%, 11.68%, 18.49%, 57.20%, 63.30%, 30.60%, 121.3, 104.4, 5.14, 28.1, 
LeBron James, CLE, 23.23%, 16.10%, 28.72%, 19.84%, 15.92%, 54.30%, 58.10%, 31.50%, 115.7, 102.3, 4.25, 27.2, 
Anthony Davis, NO, 19.25%, 19.51%, 7.08%, 13.36%, 38.58%, 50.80%, 55.90%, 29.60%, 110.1, 104.5, 3.86, 25.2, 
Paul George, IND, 23.23%, 16.21%, 19.70%, 21.24%, 7.55%, 48.70%, 55.40%, 30.50%, 106, 100.7, 2.33, 20.9, 
Blake Griffin, LAC, 8.96%, 8.43%, 8.99%, 3.31%, 4.01%, 51.10%, 55.00%, 29.50%, 110.2, 104.1, 2.22, 22.6, 
Carmelo Anthony, NYK, 19.98%, 15.94%, 18.25%, 13.90%, 7.64%, 47.50%, 53.10%, 29.60%, 106.7, 106.8, 0.84, 20.4, 
Kawhi Leonard, SA, 18.16%, 13.83%, 9.23%, 19.65%, 14.00%, 57.10%, 62.20%, 25.70%, 122.4, 95.2, 6.52, 26.3, 
Andrew Wiggins, MIN, 20.32%, 8.75%, 8.79%, 11.88%, 12.83%, 47.90%, 54.00%, 27.20%, 105.4, 113.4, -0.47, 16.6, 
Gordon Hayward, UTA, 20.03%, 10.95%, 19.53%, 15.83%, 6.30%, 49.20%, 56.00%, 25.60%, 110.7, 106.2, 0.98, 18.4, 
Danilo Gallinari, DEN, 13.00%, 8.05%, 7.58%, 7.30%, 5.12%, 47.20%, 58.20%, 23.00%, 119.9, 109.8, 2.09, 19.1, 
Chris Bosh, MIA, 13.33%, 11.63%, 8.09%, 7.05%, 6.79%, 52.00%, 57.10%, 25.20%, 113.2, 103.6, 2.06, 20.6, 
Dirk Nowitzki, DAL, 16.47%, 13.95%, 7.24%, 9.28%, 18.15%, 50.60%, 55.40%, 25.80%, 109.5, 106.1, 1.80, 19, 
LaMarcus Aldridge, SA, 16.09%, 18.09%, 5.67%, 5.15%, 17.29%, 51.50%, 56.80%, 25.90%, 115.3, 98.4, 2.25, 22.6, 
Rudy Gay, SAC, 13.84%, 12.50%, 5.91%, 13.04%, 13.03%, 50.30%, 54.10%, 22.40%, 104.3, 108.4, 0.53, 15.5, 
Paul Millsap, ATL, 16.32%, 20.70%, 12.57%, 20.17%, 26.68%, 50.80%, 56.00%, 24.20%, 109, 96.4, 3.76, 21.5, 
Ryan Anderson, NO, 14.61%, 12.36%, 4.51%, 6.51%, 7.72%, 49.80%, 54.70%, 24.60%, 108.8, 111.5, 0.17, 17.4, 
Giannis Antetokounmpo, MIL, 16.68%, 17.91%, 18.11%, 14.10%, 23.15%, 51.80%, 56.30%, 22.30%, 108.8, 106.7, 1.75, 18.8, 
Derrick Favors, UTA, 13.12%, 14.60%, 6.37%, 12.05%, 21.78%, 51.60%, 55.10%, 24.00%, 112, 100.9, 2.18, 22, 
Kevin Love, CLE, 14.73%, 21.22%, 10.41%, 10.89%, 14.19%, 50.10%, 55.20%, 23.20%, 111.5, 102, 1.21, 19, 
Tyreke Evans, NO, 4.93%, 4.01%, 10.01%, 5.48%, 2.47%, 48.60%, 53.40%, 25.10%, 105.5, 107.3, 1.26, 18.6, 
Thaddeus Young, BKN, 14.72%, 20.48%, 8.01%, 19.41%, 12.42%, 51.80%, 53.30%, 21.80%, 103.9, 106.2, 1.15, 17.6, 
Zach Randolph, MEM, 12.62%, 15.74%, 8.16%, 5.64%, 3.55%, 48.60%, 52.80%, 24.30%, 109.2, 108.3, -0.01, 18.8, 
Nicolas Batum, CHA, 12.89%, 12.50%, 24.10%, 11.76%, 10.77%, 50.70%, 54.70%, 21.50%, 104.4, 105.1, -0.12, 15.7, 
Tobias Harris, DET, 13.51%, 13.73%, 10.98%, 11.68%, 13.67%, 51.60%, 56.10%, 19.70%, 111.5, 106.6, 0.74, 16.4, 
Jae Crowder, BOS, 12.26%, 10.34%, 7.21%, 17.89%, 9.87%, 52.40%, 57.00%, 18.50%, 113.6, 101.7, 3.07, 16.2, 
Marcus Morris, DET, 13.98%, 10.61%, 12.74%, 11.30%, 7.55%, 49.20%, 53.20%, 18.30%, 107.4, 107.9, -0.85, 12.8, 
Michael Beasley, HOU, 2.62%, 2.54%, 0.66%, 1.06%, 2.05%, , , , , , 1.94, , 
Draymond Green, GSW, 12.09%, 20.77%, 25.72%, 17.26%, 22.51%, 54.30%, 58.10%, 18.80%, 114.8, 100, 3.32, 19.3, 
Jabari Parker, MIL, 13.06%, 11.83%, 6.97%, 10.90%, 6.52%, 49.90%, 53.80%, 20.50%, 106.7, 110.2, -0.14, 15, 
Chandler Parsons, DAL, 10.70%, 8.70%, 10.00%, 8.90%, 7.47%, 57.10%, 58.90%, 20.50%, 109.9, 107.8, 1.25, 16.3, 
Michael Kidd-Gilchrist, CHA, 1.17%, 1.37%, 0.57%, 0.57%, 0.77%, , , , , , 1.04, , 
Serge Ibaka, OKC, 11.27%, 13.81%, 3.71%, 6.57%, 31.63%, 51.80%, 53.80%, 17.60%, 108.4, 106.4, -0.62, 14.2, 
Kenneth Faried, DEN, 10.28%, 16.41%, 4.36%, 5.22%, 15.63%, 56.30%, 58.00%, 21.00%, 116.9, 107.4, 1.90, 21.3, 
Trevor Ariza, HOU, 11.81%, 10.57%, 10.41%, 20.21%, 5.63%, 51.50%, 54.50%, 15.60%, 109, 109, 1.27, 12.8, 
Luol Deng, MIA, 10.99%, 11.99%, 7.65%, 13.89%, 5.39%, 50.90%, 54.50%, 17.30%, 112.4, 105, 0.68, 15.1, 
Robert Covington, PHI, 9.99%, 11.98%, 5.27%, 15.17%, 8.17%, 49.40%, 53.30%, 21.10%, 95.6, 105, 0.33, 12.6, 
Joe Johnson, MIA, 11.88%, 8.32%, 18.75%, 10.76%, 0.80%, 50.10%, 53.30%, 17.70%, 104, 112.5, -1.44, 11.7, 
Otto Porter, WAS, 10.53%, 11.76%, 6.25%, 15.17%, 9.67%, 53.90%, 56.10%, 16.30%, 110.8, 105.4, 1.76, 14.4, 
Omri Casspi, SAC, 9.85%, 12.00%, 5.06%, 8.00%, 4.85%, 57.10%, 58.80%, 17.80%, 109, 108.3, 0.90, 14, 
Julius Randle, LAL, 12.05%, 23.86%, 9.31%, 8.82%, 8.33%, 44.20%, 48.80%, 21.60%, 98, 108.3, -1.37, 14.4, 
Markieff Morris, WAS, 9.11%, 10.68%, 6.52%, 8.65%, 11.33%, 45.60%, 48.70%, 24.00%, 92.5, 105.5, -2.06, 12.2, 
Jeff Green, LAC, 10.97%, 9.93%, 7.40%, 8.19%, 8.73%, 47.10%, 51.20%, 20.20%, 102.3, 108.1, -0.98, 12.8, 
Marvin Williams, CHA, 11.28%, 14.94%, 6.31%, 9.30%, 18.46%, 55.10%, 58.20%, 16.50%, 117.3, 103.7, 1.74, 16.6, 
Mirza Teletovic, PHO, 11.22%, 8.10%, 5.00%, 4.66%, 6.90%, 53.90%, 56.70%, 22.90%, 110.7, 110.7, 0.74, 15.8, 
DeMarre Carroll, TOR, 3.26%, 3.23%, 1.65%, 6.34%, 1.22%, 47.10%, 48.50%, 18.30%, 99.4, 103.3, -0.84, 11.5, 
Jordan Hamilton, NO, 0.74%, 0.96%, 0.85%, 0.86%, 0.62%, , , , , , 0.17, , 
Harrison Barnes, GSW, 7.96%, 8.58%, 5.09%, 6.32%, 2.16%, 51.70%, 54.90%, 15.70%, 113.8, 107.6, -0.01, 12.1, 
Kent Bazemore, ATL, 10.10%, 10.87%, 7.95%, 12.19%, 7.85%, 51.40%, 54.80%, 19.60%, 99.4, 100.5, 0.32, 13.2, 
Nikola Mirotic, CHI, 8.93%, 9.48%, 5.22%, 10.18%, 9.51%, 51.20%, 55.90%, 20.90%, 106.2, 103.3, 0.45, 15.3, 
Nerlens Noel, PHI, 9.20%, 15.56%, 6.98%, 16.90%, 19.78%, 52.40%, 54.50%, 19.00%, 98.2, 102.7, 1.28, 16.1, 
T.J. Warren, PHO, 6.75%, 4.36%, 2.82%, 6.39%, 5.52%, 53.30%, 54.90%, 20.20%, 111.2, 110.4, 1.06, 16, 
Evan Turner, BOS, 10.17%, 11.02%, 18.68%, 10.97%, 8.60%, 46.90%, 51.50%, 18.60%, 102.2, 103.9, -0.06, 13.9, 
Ersan Ilyasova, ORL, 9.42%, 11.35%, 3.69%, 8.21%, 7.85%, 49.40%, 52.50%, 18.50%, 110, 106.3, 0.02, 14.3, 
Al-Farouq Aminu, POR, 9.78%, 13.69%, 8.05%, 12.87%, 14.45%, 49.60%, 52.60%, 16.80%, 104.1, 107, -0.57, 12.5, 
Gorgui Dieng, MIN, 9.81%, 17.32%, 7.71%, 15.45%, 25.66%, 53.40%, 59.70%, 16.60%, 111.4, 105.8, 1.95, 16.9, 
Shabazz Muhammad, MIN, 9.76%, 8.06%, 2.63%, 3.74%, 2.04%, 48.40%, 53.30%, 22.20%, 106.9, 114.2, -1.36, 14.1, 
Matt Barnes, MEM, 9.22%, 12.06%, 9.24%, 10.98%, 16.86%, 47.10%, 50.60%, 17.70%, 99.6, 106.4, -0.74, 11.7, 
Hollis Thompson, PHI, 9.41%, 8.28%, 5.45%, 5.37%, 4.73%, 51.50%, 53.40%, 16.00%, 102.4, 112.1, -1.75, 9.5, 
Jerami Grant, PHI, 9.13%, 10.70%, 7.59%, 7.90%, 25.59%, 44.30%, 50.40%, 17.90%, 99.7, 107.7, -0.72, 12.6, 
Doug McDermott, CHI, 9.34%, 5.22%, 2.96%, 2.88%, 1.39%, 53.70%, 56.10%, 17.30%, 109.2, 111.6, -1.42, 10.9, 
Carl Landry, PHI, 4.41%, 4.30%, 1.90%, 1.58%, 1.94%, 56.80%, 60.50%, 23.90%, 119.8, 111.8, 3.04, 22.2, 
Aaron Gordon, ORL, 8.94%, 14.97%, 6.70%, 9.18%, 13.87%, 51.10%, 54.40%, 17.20%, 114.1, 105.3, 1.65, 17, 
Cody Zeller, CHA, 7.97%, 13.02%, 4.16%, 10.25%, 13.85%, 52.80%, 59.00%, 15.60%, 118.3, 102.7, 1.86, 16.1, 
Derrick Williams, NYK, 9.07%, 8.00%, 4.50%, 6.38%, 2.08%, 48.10%, 54.60%, 23.40%, 110.3, 108.1, 0.67, 17.4, 
Jordan Hill, IND, 8.23%, 13.05%, 5.22%, 5.06%, 9.70%, 51.20%, 54.00%, 20.30%, 106.9, 102.7, -0.10, 16.7, 
Alex Len, PHO, 8.53%, 16.40%, 5.38%, 6.22%, 20.69%, 42.50%, 48.50%, 20.60%, 95.8, 106.7, -2.35, 12.7, 
Luis Scola, TOR, 8.33%, 10.69%, 4.73%, 7.71%, 6.34%, 50.40%, 52.40%, 19.40%, 106, 105.6, -0.22, 13.9, 
Terrence Jones, HOU, 5.37%, 6.39%, 2.47%, 3.04%, 9.72%, 48.60%, 51.90%, 19.40%, 104.2, 110.1, -0.73, 13.8, 
Taj Gibson, CHI, 8.14%, 14.21%, 6.15%, 10.40%, 17.87%, 52.50%, 55.50%, 14.50%, 115.2, 105.5, 0.62, 15.7, 
Jon Leuer, PHO, 6.90%, 9.97%, 4.36%, 6.04%, 9.66%, 52.60%, 55.50%, 19.80%, 106.4, 106.8, 0.80, 15.8, 
Stanley Johnson, DET, 7.34%, 8.14%, 7.61%, 9.04%, 3.96%, 43.00%, 46.20%, 19.40%, 91.6, 106, -3.16, 8.7, 
Lance Thomas, NYK, 6.37%, 3.85%, 3.36%, 5.01%, 1.62%, 50.00%, 55.70%, 16.90%, 107.3, 112, -1.77, 10.6, 
David Lee, DAL, 5.10%, 8.39%, 4.76%, 3.48%, 9.96%, 52.80%, 56.50%, 22.00%, 110.8, 102.4, 1.61, 19.6, 
Tristan Thompson, CLE, 7.73%, 20.84%, 3.37%, 6.81%, 15.57%, 59.10%, 61.40%, 11.70%, 130.1, 103.5, 0.92, 16, 
Jared Dudley, WAS, 7.58%, 8.36%, 8.42%, 10.32%, 5.33%, 57.80%, 59.80%, 12.60%, 113.1, 107.8, 0.67, 11.3, 
P.J. Tucker, PHO, 7.75%, 13.85%, 10.19%, 16.93%, 6.90%, 46.20%, 49.70%, 12.40%, 103.6, 109.4, -0.60, 10.3, 
Darrell Arthur, DEN, 6.55%, 8.34%, 5.43%, 9.22%, 12.94%, 50.10%, 51.80%, 16.50%, 104.6, 107.9, 0.01, 12.7, 
Corey Brewer, HOU, 7.13%, 5.87%, 6.20%, 10.83%, 4.86%, 44.40%, 48.50%, 17.90%, 99, 109.5, -0.63, 10.3, 
Amir Johnson, BOS, 6.77%, 13.91%, 6.93%, 6.93%, 23.57%, 59.60%, 59.90%, 13.70%, 116, 102, 1.61, 16, 
JaMychal Green, MEM, 7.12%, 10.89%, 3.80%, 6.08%, 9.47%, 48.60%, 52.60%, 19.60%, 104.9, 106.6, -0.38, 14.6, 
Andre Iguodala, GSW, 5.01%, 6.95%, 9.36%, 10.63%, 3.90%, 55.90%, 57.20%, 12.20%, 116.2, 104.9, 1.38, 12.7, 
Mike Dunleavy, CHI, 2.56%, 2.09%, 2.15%, 2.65%, 1.39%, 51.50%, 54.10%, 14.80%, 101.8, 112.6, -1.58, 8.7, 
Marreese Speights, GSW, 5.45%, 6.35%, 2.73%, 2.62%, 6.71%, 45.60%, 50.10%, 29.60%, 101, 103.3, -0.70, 16.6, 
Frank Kaminsky, CHA, 7.08%, 9.23%, 5.68%, 6.64%, 10.51%, 46.60%, 50.50%, 17.00%, 102.5, 104.8, -0.80, 11.8, 
Brandon Bass, LAL, 6.46%, 8.90%, 5.41%, 6.19%, 16.99%, 54.90%, 61.90%, 13.90%, 127, 110.8, 2.20, 17.5, 
Clint Capela, HOU, 6.37%, 13.93%, 2.65%, 7.40%, 21.48%, 57.90%, 55.20%, 16.20%, 113.6, 104.3, 2.49, 18.2, 
Patrick Patterson, TOR, 6.60%, 9.83%, 6.02%, 8.39%, 6.83%, 52.40%, 53.80%, 13.10%, 108.8, 107.4, -0.93, 10.8, 
Willie Cauley-Stein, SAC, 5.14%, 9.42%, 1.54%, 5.48%, 18.18%, 57.50%, 59.80%, 13.00%, 121.3, 107.8, 1.91, 15.5, 
John Henson, MIL, 4.80%, 6.34%, 2.86%, 2.72%, 23.15%, 58.30%, 59.30%, 18.70%, 110.4, 106, 1.96, 19.4, 
Andrew Nicholson, ORL, 4.68%, 5.76%, 1.34%, 1.45%, 5.76%, 54.70%, 57.30%, 20.60%, 106.7, 106.1, 0.18, 15.4, 
David West, SA, 6.38%, 8.52%, 6.89%, 6.28%, 10.72%, 55.40%, 57.70%, 18.10%, 112.8, 97.6, 2.02, 17.5, 
Kris Humphries, ATL, 4.20%, 6.61%, 1.69%, 1.89%, 5.38%, 47.20%, 52.10%, 19.60%, 103.7, 103.7, -0.55, 13.2, 
Bobby Portis, CHI, 5.06%, 8.12%, 2.67%, 5.09%, 4.64%, 44.80%, 47.10%, 20.90%, 99.7, 107.8, -1.83, 13.9, 
Wesley Johnson, LAC, 6.58%, 7.70%, 2.82%, 13.07%, 12.03%, 50.00%, 51.00%, 16.00%, 97.2, 102.5, 0.45, 10.8, 
Thabo Sefolosha, ATL, 5.84%, 9.68%, 5.08%, 11.18%, 7.40%, 57.30%, 58.90%, 12.50%, 109.4, 100, 1.57, 12.9, 
Luke Babbitt, NO, 3.33%, 3.58%, 2.20%, 1.71%, 2.16%, 50.60%, 52.70%, 17.00%, 106.8, 112.6, -0.70, 11.1, 
Justise Winslow, MIA, 6.27%, 11.18%, 7.02%, 12.13%, 5.19%, 46.00%, 49.20%, 12.50%, 96.9, 105.4, -1.96, 8.3, 
Ed Davis, POR, 6.20%, 16.31%, 4.95%, 10.53%, 19.94%, 61.00%, 61.70%, 12.60%, 128.8, 103.8, 3.15, 19, 
Boris Diaw, SA, 6.07%, 6.85%, 8.96%, 4.19%, 4.60%, 56.10%, 58.30%, 16.90%, 109.3, 101.6, -0.28, 14.1, 
P.J. Hairston, MEM, 5.15%, 5.17%, 2.41%, 4.30%, 3.25%, 44.50%, 47.30%, 16.10%, 93.9, 108, -2.70, 7, 
Vince Carter, MEM, 4.58%, 4.13%, 2.91%, 5.19%, 4.44%, 47.30%, 52.10%, 18.80%, 105.8, 107.6, 0.11, 12.9, 
Mike Scott, ATL, 5.59%, 6.01%, 3.80%, 3.48%, 3.81%, 54.40%, 56.70%, 17.60%, 110.1, 103.7, 0.71, 13.7, 
Donatas Motiejunas, HOU, 2.56%, 2.90%, 1.99%, 1.72%, 1.02%, 48.40%, 50.60%, 21.60%, 96.8, 109.8, -2.58, 10.7, 
Moe Harkless, POR, 5.67%, 7.28%, 3.72%, 7.99%, 8.67%, , , , , , -0.17, , 
Alan Anderson, WAS, 0.69%, 0.60%, 0.49%, 0.30%, 0.33%, , , , , , 1.59, , 
Dwight Powell, DAL, 5.05%, 8.24%, 2.59%, 6.77%, 8.19%, 49.30%, 55.50%, 18.40%, 113.6, 104.1, 1.70, 16.8, 
Josh Smith, HOU, 3.76%, 5.59%, 4.75%, 3.70%, 11.76%, 40.70%, 42.40%, 23.10%, 85.5, 104, -3.29, 10, 
Paul Pierce, LAC, 4.75%, 5.63%, 4.00%, 4.72%, 3.77%, 44.90%, 48.00%, 17.40%, 92.8, 105.4, -2.16, 8, 
Channing Frye, CLE, 4.78%, 6.36%, 3.84%, 5.06%, 9.00%, 56.50%, 58.00%, 15.30%, 111.7, 105.3, 0.80, 12.9, 
Trevor Booker, UTA, 5.78%, 13.10%, 5.31%, 9.64%, 9.45%, 49.90%, 52.70%, 14.70%, 108.5, 102.4, -0.20, 14.4, 
Amare Stoudemire, MIA, 3.67%, 6.26%, 1.69%, 3.13%, 8.18%, , , , , , 1.04, , 
Trey Lyles, UTA, 5.85%, 8.25%, 3.96%, 3.61%, 4.72%, 48.60%, 50.80%, 17.60%, 101.1, 105.6, -1.92, 11.1, 
Richaun Holmes, PHI, 3.84%, 4.23%, 2.02%, 3.00%, 8.60%, 53.20%, 56.40%, 17.80%, 111.8, 110.1, 1.14, 16, 
Larry Nance, LAL, 4.38%, 9.03%, 3.00%, 8.63%, 6.73%, , , , , , 0.49, , 
Richard Jefferson, CLE, 4.83%, 3.35%, 3.14%, 5.84%, 4.50%, 57.40%, 59.20%, 13.40%, 112.2, 106.5, -0.33, 9.8, 
Dante Cunningham, NO, 5.25%, 7.10%, 3.90%, 7.02%, 9.88%, 51.90%, 53.90%, 10.60%, 108.8, 111.3, -1.23, 8.5, 
Anthony Tolliver, DET, 4.47%, 6.04%, 3.30%, 4.71%, 5.40%, 52.60%, 53.60%, 12.20%, 113.2, 107.1, -0.45, 10.2, 
Rondae Hollis-Jefferson, BKN, 1.75%, 4.21%, 2.14%, 6.07%, 3.36%, 47.20%, 51.80%, 12.70%, 104.5, 101.6, 1.76, 13.6, 
Lavoy Allen, IND, 5.00%, 11.86%, 4.59%, 3.61%, 11.05%, 50.60%, 52.10%, 12.80%, 107.7, 104.1, -1.35, 12, 
Jarell Martin, MEM, 1.53%, 2.35%, 0.76%, 1.04%, 1.78%, , , , , , -1.34, , 
Charlie Villanueva, DAL, 3.80%, 4.42%, 1.29%, 3.09%, 5.34%, 44.40%, 46.30%, 24.90%, 90.3, 106, -2.35, 11.2, 
JaKarr Sampson, DEN, 4.39%, 5.15%, 2.60%, 3.30%, 8.63%, 45.90%, 50.00%, 16.80%, 92.7, 110.3, -3.16, 8, 
James Johnson, TOR, 3.59%, 3.64%, 4.52%, 4.45%, 8.05%, 51.90%, 53.20%, 15.90%, 100.6, 106.8, -0.99, 11.5, 
Quincy Acy, SAC, 3.12%, 4.80%, 1.17%, 3.70%, 6.06%, 61.50%, 64.10%, 12.30%, 126.9, 110.3, 2.32, 14.3, 
Willie Reed, BKN, 2.43%, 3.78%, 0.59%, 1.04%, 10.07%, , , , , , 1.89, , 
Kyle O’Quinn, NYK, 3.75%, 6.47%, 4.18%, 4.56%, 9.72%, 49.80%, 53.10%, 21.10%, 102.8, 102, 0.46, 17.6, 
Elton Brand, PHI, 0.88%, 1.63%, 0.98%, 1.26%, 1.51%, , , , , , 0.70, , 
Nemanja Bjelica, MIN, 3.31%, 5.56%, 3.94%, 3.57%, 4.66%, 53.90%, 56.20%, 12.60%, 109.4, 110.4, -0.52, 9.8, 
Jonas Jerebko, BOS, 4.02%, 7.80%, 3.10%, 2.60%, 6.69%, 49.30%, 53.50%, 13.60%, 108.2, 104.1, -1.00, 10.6, 
Alonzo Gee, NO, 4.20%, 7.63%, 4.45%, 10.79%, 4.01%, 54.90%, 57.10%, 9.20%, 108, 109.7, -0.53, 8.4, 
Metta World Peace, LAL, 1.85%, 2.40%, 1.80%, 3.75%, 3.21%, 36.00%, 40.70%, 15.80%, 89.8, 109.7, -2.35, 7.1, 
Kyle Anderson, SA, 3.86%, 6.02%, 5.78%, 8.37%, 6.35%, 49.60%, 53.50%, 14.40%, 104.2, 96.7, 0.73, 12.9, 
Ryan Kelly, LAL, 1.81%, 3.41%, 1.50%, 1.69%, 2.88%, , , , , , -2.03, , 
Chase Budinger, PHO, 3.34%, 4.24%, 3.65%, 5.18%, 3.45%, 48.20%, 51.00%, 14.20%, 102.6, 106.5, -1.09, 10.6, 
Thomas Robinson, BKN, 3.55%, 10.23%, 2.49%, 6.59%, 12.08%, 43.60%, 44.40%, 19.30%, 91.6, 104.2, -1.32, 13.9, 
Joe Ingles, UTA, 4.06%, 4.42%, 6.30%, 8.26%, 1.05%, 55.80%, 56.50%, 13.40%, 104.1, 105.1, -0.64, 10, 
Anthony Brown, LAL, 1.59%, 2.21%, 1.43%, 2.63%, 1.60%, 38.90%, 42.70%, 11.00%, 87.7, 115.5, -3.45, 5, 
Glenn Robinson, IND, 1.99%, 1.94%, 1.38%, 2.31%, 2.16%, 47.40%, 50.90%, 15.70%, 103.5, 104.6, -0.46, 11.7, 
James Jones, CLE, 2.00%, 1.32%, 0.76%, 1.95%, 2.77%, , , , , , 0.53, , 
Kelly Oubre, WAS, 2.61%, 3.72%, 0.65%, 2.88%, 2.00%, , , , , , -1.68, , 
Josh McRoberts, MIA, 1.87%, 2.89%, 4.70%, 3.33%, 1.40%, 43.00%, 46.80%, 14.60%, 100, 104.2, -1.06, 9.9, 
Noah Vonleh, POR, 3.31%, 8.26%, 1.73%, 4.87%, 6.36%, 44.40%, 47.30%, 13.00%, 98.7, 107.8, -2.35, 8.6, 
James Ennis, NO, 0.70%, 0.65%, 0.73%, 1.37%, 0.93%, , , , , , 3.27, , 
Caron Butler, SAC, 0.66%, 0.59%, 0.48%, 1.33%, 0.00%, , , , , , 1.64, , 
Axel Toupane, DEN, 0.77%, 0.69%, 0.68%, 1.04%, 1.08%, , , , , , -1.40, , 
Montrezl Harrell, HOU, 1.69%, 1.96%, 1.02%, 1.45%, 2.56%, , , , , , 1.73, , 
Christian Wood, PHI, 0.71%, 1.04%, 0.18%, 0.79%, 1.08%, , , , , , 1.73, , 
Chris McCullough, BKN, 0.88%, 1.52%, 0.30%, 2.60%, 2.68%, , , , , , -1.60, , 
Ryan Hollins, MEM, 1.65%, 3.11%, 0.63%, 0.89%, 6.21%, , , , , , -0.74, , 
Solomon Hill, IND, 2.21%, 3.87%, 2.89%, 3.90%, 2.70%, 44.80%, 50.00%, 12.10%, 106.8, 105, -0.31, 10.5, 
Mike Muscala, ATL, 2.35%, 3.41%, 1.59%, 1.74%, 5.61%, 54.60%, 58.10%, 15.60%, 110.2, 102.2, 0.70, 13.7, 
Luc Richard Mbah a Moute, LAC, 2.71%, 5.15%, 1.53%, 5.67%, 4.25%, , , , , , -1.96, , 
Kyle Singler, OKC, 2.45%, 3.49%, 1.28%, 4.74%, 1.56%, 43.60%, 46.40%, 11.90%, 100.7, 109.2, -2.50, 6.2, 
Kevin Garnett, MIN, 1.58%, 4.74%, 3.54%, 4.75%, 2.92%, 47.00%, 49.10%, 11.40%, 107, 102, 2.03, 12.6, 
James McAdoo, GSW, 1.34%, 1.65%, 0.77%, 1.54%, 1.52%, , , , , , 1.81, , 
Tayshaun Prince, MIN, 2.73%, 4.49%, 3.83%, 5.77%, 3.79%, 45.20%, 46.40%, 8.10%, 99.6, 112.9, -2.29, 6.3, 
Jason Thompson, TOR, 1.53%, 3.30%, 1.79%, 1.88%, 4.15%, , , , , , 1.88, , 
Greg Smith, MIN, 0.56%, 1.23%, 0.29%, 0.51%, 0.29%, , , , , , -1.57, , 
Reggie Bullock, DET, 1.12%, 1.39%, 1.01%, 1.32%, 0.36%, , , , , , -0.05, , 
Drew Gooden, WAS, 0.98%, 2.70%, 0.71%, 1.06%, 3.33%, , , , , , -3.99, , 
Jeremy Evans, DAL, 0.91%, 1.65%, 0.12%, 1.16%, 3.20%, , , , , , 0.72, , 
Adreian Payne, MIN, 1.59%, 3.29%, 1.60%, 2.21%, 3.21%, , , , , , -3.83, , 
K.J. McDaniels, HOU, 0.92%, 1.10%, 0.48%, 0.53%, 1.53%, , , , , , -2.99, , 
Damjan Rudez, MIN, 0.97%, 0.57%, 0.63%, 0.51%, 0.29%, , , , , , -2.85, , 
Tyler Hansbrough, CHA, 1.21%, 2.66%, 0.44%, 2.28%, 1.79%, , , , , , 0.07, , 
Jarell Eddie, WAS, 0.56%, 0.45%, 0.11%, 0.30%, 0.33%, , , , , , -0.80, , 
Nick Collison, OKC, 1.33%, 4.17%, 2.32%, 2.19%, 3.12%, 44.70%, 48.90%, 10.80%, 98.9, 107.5, -3.16, 7.6, 
Cameron Bairstow, CHI, 0.44%, 0.79%, 0.35%, 0.44%, 0.70%, , , , , , -3.68, , 
Lou Amundson, NYK, 0.66%, 1.35%, 0.76%, 1.37%, 1.62%, , , , , , -2.74, , 
Devyn Marble, ORL, 0.52%, 0.81%, 0.45%, 1.45%, 0.26%, , , , , , -2.80, , 
Damien Inglis, MIL, 0.35%, 0.82%, 0.40%, 0.64%, 0.67%, , , , , , -2.79, , 
Udonis Haslem, MIA, 0.65%, 1.88%, 0.88%, 0.98%, 0.40%, , , , , , -1.61, , 
Mike Miller, DEN, 0.69%, 1.35%, 2.04%, 1.91%, 1.08%, , , , , , -1.35, , 
